Studio,Average Rating
20th Century Fox Television,100.0
@radical.media,100.0
Acme DVD Works,100.0
Alice Films,100.0
Alive Mind,100.0
Allied Artists Pictures Co.,100.0
American Playhouse,100.0
AnimEigo Inc.,100.0
Aphasia Films,100.0
Appleseed Entertainment,100.0
Arrow Films,100.0
Art Kaleidoscope Foundation,100.0
Artist Public Domain,100.0
Artkino Pictures Inc.,100.0
Astral Films,100.0
Atlas Films,100.0
Aurora,100.0
Automat Pictures,100.0
Aviator Films,100.0
B-Side Entertainment,100.0
BFI Production,100.0
Baird Films,100.0
Baseball Dreams,100.0
Behind the Sun Productions,100.0
Beth Harrington Productions,100.0
Big Mouth Productions,100.0
Black Label Media,100.0
CBS,100.0
CICC Productions,100.0
Cady Films,100.0
Canal+,100.0
Carlotta Films US,100.0
Chain Camera Pictures,100.0
Chartwell Films,100.0
Cherry Sky Films,100.0
Cinema Libre Distribution,100.0
Coffeebluff Pictures,100.0
Comedy Dynamics,100.0
Creative Differences,100.0
Critics' Choice Video,100.0
Dancing Girl Productions,100.0
Dharma Productions,100.0
Digital Rights Group,100.0
Distracted Media & House Lights Media,100.0
Distribution Company,100.0
Docurama Films,100.0
Dowdell Film Company,100.0
Ealing Studios,100.0
Earth Film Productions,100.0
Edward Harrison,100.0
Edward Small Productions,100.0
Embassy Pictures Corporation,100.0
Energize Students,100.0
Fair Film,100.0
Fairway International,100.0
Famous Players,100.0
Fantoma,100.0
Film at Eleven,100.0
Films We Like,100.0
Filthy World,100.0
Firma Films,100.0
First Artists,100.0
First National Pictures Inc.,100.0
Foremco,100.0
Free Dream Pictures,100.0
Full Court Films,100.0
FunFilm,100.0
Gabriel Films,100.0
General Foreign Sales Corp.,100.0
Global,100.0
Global Film Initiative,100.0
Global Star Productions,100.0
Goskino,100.0
Grain Media,100.0
Granada Television,100.0
HBO Sports,100.0
HBO/Bleiberg Entertainment,100.0
Hieronymus Pictures,100.0
Hollywood Pictures Inc.,100.0
Houston Museum of Natural Scie,100.0
Howard W. Koch Productions,100.0
Hyrax Films,100.0
IFC Center*,100.0
Ironbound Films,100.0
Itala Film,100.0
Itami Productions,100.0
Jochen Severin Productions,100.0
Joseph Brenner Associates,100.0
K2,100.0
Kino Lorber Repertory and Seventy-Seven,100.0
LA Roma Films,100.0
La Casa de Production,100.0
Lab of Madness,100.0
Lamberto Forni Film (LF),100.0
Live Action Projects,100.0
Logolite Entertainment,100.0
Loquat Films,100.0
Lucid Inc.,100.0
Lux Digital Pictures,100.0
Majestic Films International,100.0
Making Movies Oy,100.0
Marshall Curry Productions,100.0
Matador Content,100.0
Menemsha,100.0
Microcinema International,100.0
Mojo Music,100.0
Mosfilm Studios,100.0
Movie Visions,100.0
Moxie Lady Productions,100.0
NCM,100.0
Nagoya Broadcasting Network,100.0
Nom de Guerre Films,100.0
Office Walker,100.0
Osterreichischer Rundfunk,100.0
PBS,100.0
PCH Films,100.0
PRC Pictures Inc.,100.0
Pale Griot Films,100.0
Park Circus,100.0
Passion River,100.0
Playground Productions,100.0
Portobello Pictures,100.0
Profile Pictures,100.0
Prominent Films,100.0
Pyedog Productions,100.0
RYOT Films,100.0
RabbitBandini Productions,100.0
Rainlake Productions,100.0
Reconsider,100.0
Red Bull Media House,100.0
Rialto,100.0
Roadside Attractions LLC.,100.0
RubyRed Productions,100.0
Run Rabbit Run Media,100.0
Schattenkante,100.0
Screencraft Pictures,100.0
Shochiku Films Ltd.,100.0
Shore International,100.0
Showtime Network,100.0
Six Demon Films,100.0
Skouras Pictures,100.0
Sky High Entertainment,100.0
SnagFilms,100.0
Sony Repertory,100.0
Spheeris Films,100.0
Spring Films Ltd.,100.0
Stratford,100.0
Sundance Channel Home Entertainment,100.0
Super Grande Films,100.0
The Bigger Picture,100.0
The Brain Factory,100.0
The Brinkman Company,100.0
The Film Detective,100.0
The Samuel Goldwyn Company,100.0
The Who Films,100.0
Toho Company Ltd.,100.0
Typecast Releasing,100.0
U. F. A.,100.0
UMPO,100.0
UN,100.0
Underground Films,100.0
VSC,100.0
Victory Man,100.0
View Askew Productions,100.0
Village Roadshow,100.0
Visigoth Pictures/AFFRM,100.0
WNET,100.0
Wonder Films,100.0
You Know Films,100.0
Zebra Film,100.0
Zenith International Films,100.0
Zenith International Films Inc,100.0
Zero Point Zero Films,100.0
Zorro and Me Films,100.0
Zweites Deutsches Fernsehen,100.0
eOne Entertainment Distribution,100.0
Fork Films,99.0
Go-Valley,99.0
Paramount/DWA,99.0
Turner Entertainment,99.0
Vanishing Angle,99.0
Wigwam Films,99.0
RKO Radio Pictures Inc.,98.75
Film Arts Guild,98.5
Grasshopper Film,98.5
Break Thru Films,98.0
ENIC,98.0
Felix Media,98.0
Gaumont British Picture Corporation,98.0
Internacional Films,98.0
Miramax-Zoe,98.0
Motto Pictures,98.0
Rita Productions,98.0
Rosebud Communications Releasing,98.0
SenArt Films,98.0
Shinchosha Company,98.0
Spark Entertainment,98.0
Turtle Releasing,98.0
Warner Bros./IMAX,98.0
Universal International Pictur,97.33333333333333
Adama Films,97.0
Almi Cinema 5,97.0
Amkino Corporation,97.0
BBC Worldwide Americas,97.0
CG Cinéma,97.0
Drafthouse Recommends,97.0
Film 44,97.0
Film First Co.,97.0
Gravitas Ventures.,97.0
Home Vision Entertainment,97.0
La Biennale di Venezia,97.0
Metro-Goldwyn-Mayer Pictures,97.0
Noor Pictures,97.0
Norsk Film,97.0
Omega Productions,97.0
Rialto Pictures LLC.,97.0
Savoy Pictures,97.0
Southern Light Films,97.0
Tilapia Film,97.0
Tripod Media,97.0
Universal Pictures/HBO,97.0
MK2 Productions,96.66666666666667
Brave New Films,96.5
Nordisk Film Biografdistributi,96.5
Continental Distributing Inc.,96.33333333333333
Titanus Produzione,96.33333333333333
Apple Corps,96.0
Artroumain,96.0
Astor Pictures Corporation,96.0
BOND360,96.0
Buffalo Films,96.0
Canal Street Communications,96.0
Cohen Media Group LLC,96.0
Compass International Pictures,96.0
Dear Rivers Production,96.0
Faces Distributing Corporation,96.0
Gaumont British Distributors,96.0
Good Machine,96.0
In The Family LLC,96.0
June Pictures,96.0
K5 International,96.0
MGM/UA Classics,96.0
Maktub Films,96.0
Mama Bear Studios,96.0
Milestone Film,96.0
Miramax Zoe,96.0
Nordisk Film Production,96.0
Paladin Pictures,96.0
Paragon,96.0
Pepper and Bones,96.0
Piki Films,96.0
Producers Distribution Agency,96.0
Rattapallax,96.0
Roadside Attractions ,96.0
Satyajit Ray Productions,96.0
Vice Films,96.0
Video Yesteryear,96.0
Zipper Bros. Films,95.5
7th Art Releasing,95.0
Abarorama,95.0
American Experience/PBS Films,95.0
Amkino,95.0
B4U Entertainment,95.0
Black Sand Productions,95.0
Caminante Films,95.0
Cinema Iloobia,95.0
Cinevista/World Artists,95.0
Daiei Studios,95.0
Fidélité Films,95.0
Films Around the World,95.0
Fine Arts Films Inc.,95.0
Five Points Media,95.0
Free Lunch Productions,95.0
HBO Documentary,95.0
Home Box Office,95.0
Indomina Films,95.0
Irony Point,95.0
Kino Lorber Inc.,95.0
Lopert Pictures,95.0
Metro Pictures Corporation,95.0
Mira Film GmbH,95.0
Omnijoi Media,95.0
Reframed Pictures,95.0
S2BN Films,95.0
Sally Head Productions,95.0
Shochiku Films of America,95.0
Sony Pictures / Affirm Films,95.0
South Australian Film,95.0
Submarine Entertainment,95.0
Svensk Filmindustri,95.0
Think Film,95.0
Universum Film Gmbh,95.0
Vitaphone Corporation,95.0
Race Point Films,94.5
1428 Films,94.0
21 Laps Entertainment,94.0
21UNO FILM,94.0
A&E IndieFilms,94.0
Anglia Television Ltd,94.0
Archers,94.0
Augusta Films,94.0
Avenue Pictures Productions,94.0
Beta Cinema,94.0
Black/Bernstein Productions,94.0
Canana,94.0
Cheremoya Films,94.0
Cinema Service,94.0
Cineplex-Odeon Films,94.0
Close Up Films,94.0
Diaphana Films,94.0
Disarming Films,94.0
Disney Pixar,94.0
Disney/Pixar,94.0
Fader Films,94.0
Films Transit International,94.0
Filmsonor Productions,94.0
Foley Walkers Studio,94.0
Gooddocs,94.0
IMAX/Warner Bros.,94.0
Kingsmead Productions,94.0
Kissiki Film,94.0
Low Mind Films,94.0
Michael Fiore Films,94.0
Motlys,94.0
National Endowment for the Humanities,94.0
Nero-Film,94.0
Picture Farm,94.0
Samuel Douek/Hola Mexico Film Festival,94.0
Swift Distribution,94.0
Terra,94.0
The Mouth Agape,94.0
Warner Bros. Pictures/Legendary,94.0
Wellington Films,94.0
Wraith Films,94.0
Continental Distributing,93.5
Winstar Cinema,93.5
Adventure Pictures,93.0
Amanda Films Ltd,93.0
Aubin Pictures,93.0
Bill Plympton Studios,93.0
Brandon Films Inc.,93.0
China Lion Film Distribution,93.0
Columbia,93.0
Decla-Bioscop,93.0
FilmBuff and Participant,93.0
First Pond Entertainment,93.0
Floodland Pictures,93.0
Foundation for Filmmakers,93.0
"Fox Searchlight Pictures, Film4 and Waypoint",93.0
Go Digital,93.0
Gorilla Factory Productions,93.0
HPLHS Motion Pictures,93.0
InterPositive Media,93.0
International Film Circuit Inc.,93.0
Les Films Elemementaires,93.0
Liberty Films,93.0
LionsGate/CodeBlack Films,93.0
NBC Universal Television,93.0
New Zealand Film Commission,93.0
Redpeter Film,93.0
Roadside/Samuel Goldwyn Films,93.0
Saville Productions,93.0
Scotia International,93.0
Shudder and NEON,93.0
Studio Ghibli,93.0
Toho,93.0
Truly Indie/BEV Pictures,93.0
Vertov Studio,93.0
Vestron UK Ltd.,93.0
Well Go US,93.0
Werner Herzog Filmproduktion,93.0
Rialto Pictures,92.85
The Cinema Guild,92.66666666666667
OWN Documentaries,92.5
Walt Disney Animation Studios,92.5
Wider Film Projects,92.5
40 Acres & A Mule Filmworks,92.0
AXN,92.0
Alamo Drafthouse Films,92.0
Alluvial Film Company,92.0
Altura Films International,92.0
Baraka Productions,92.0
Bev Pictures,92.0
Bluegrass Films,92.0
Breakfast At Noho,92.0
Cinema Ventures,92.0
Collective Eye,92.0
Columbia TriStar International,92.0
Compact Video Systems Inc.,92.0
Compagnia Cinematografica Champion,92.0
D.A. Films,92.0
Fingerprint Releasing / Bleecker Street,92.0
Firelight Films,92.0
Fox Broadcasting Company,92.0
France 3 Cinéma,92.0
Frenetic Arts,92.0
Hurricane Films,92.0
Interactive Democracy Alliance,92.0
Intrepid Pictures,92.0
Johnny Legend Cinemania,92.0
Les Films du Poisson,92.0
No Place for Films,92.0
PF Pictures,92.0
Petit Film,92.0
Samson Films,92.0
Screen Australia,92.0
Sen Art Films Releasing Inc.,92.0
Seventh Art Productions,92.0
SocDoc Studios,92.0
Starburns Industries,92.0
Stardust Pictures,92.0
Sundial Pictures,92.0
Telewizja Polska,92.0
The Filmgroup Inc.,92.0
Varient Pictures,92.0
Villani Film,92.0
Yash Raj Films Pvt. Ltd.,92.0
Zentropa Productions,92.0
20th Century Fox Film Corp.,91.66666666666667
Artificial Eye,91.66666666666667
Pathfinder Home Entertainment,91.5
Royal Films International,91.5
Criterion Collection,91.33636363636364
First Run,91.33333333333333
Warner Bros. Animation,91.25
Amazon Studios and Participant Media,91.0
Anthology Archives,91.0
Arte France Cinéma,91.0
Arts + Labor,91.0
BMP Films,91.0
Beachside Films,91.0
China Film Group,91.0
Filmax Entertainment,91.0
FilmsWeLike,91.0
Highwayman Films,91.0
Ideaman Studios,91.0
Indie Genius Productions,91.0
Jigsaw Productions,91.0
Lantern Lane Entertainment,91.0
Little Teeth Pictures,91.0
MacGillivray Freeman Films Pro,91.0
Nordisk Film,91.0
RKO,91.0
Rezolution Pictures,91.0
Rogue Pictures/Focus Features,91.0
SBS Productions,91.0
Shochiku Co. Ltd,91.0
Sveriges Radio,91.0
Third Man Films,91.0
Typecast,91.0
USA Pictures,91.0
United Artists Classics,91.0
Universal City Studios,91.0
WLIW New York,91.0
We Are Tessellate,91.0
Zenith Entertainment,91.0
Miramax and Roadside Attractions,90.5
Passion Pictures,90.5
SpectiCast,90.5
Janus Films,90.36842105263158
General Film Distributors,90.33333333333333
20th Century-Fox,90.0
5-Second Films and Snoot Entertainment,90.0
AOS,90.0
Apple TV+,90.0
Bad Robot Productions,90.0
Black Sheep Film Productions,90.0
CFFP,90.0
Dramatic Forces,90.0
EMI Records,90.0
Evening Star Productions,90.0
FUNimation Entertainment,90.0
Houston Museum of Science,90.0
Kinematic Films,90.0
Libra Films,90.0
Loew's Inc.,90.0
Lopert Pictures Corporation,90.0
Nancy Fishman Film Releasing,90.0
New Cinema,90.0
Plow Productions,90.0
Scott Rudin Productions,90.0
Toho International Company Inc,90.0
Tre Vänner Produktion AB,90.0
Twentieth Century-Fox Film Corp.,90.0
UGC Distribution,90.0
Universal Pictures International France,90.0
Vanish Films,90.0
Victor Film,90.0
Warner Brothers Classics,90.0
Wildgaze Films,90.0
BBC,89.66666666666667
Marvel Studios,89.66666666666667
Shellac Distribution,89.5
A B C Home Video,89.0
Acacias Cine Audience,89.0
Animals of Combat,89.0
Apatow Productions,89.0
Artificial Eye Film Co. Ltd,89.0
Bryanston Distributing,89.0
Cinecittà Luce,89.0
Creative,89.0
DUST,89.0
Dominant Pictures Corp.,89.0
Double Exposure,89.0
Empire Films,89.0
Floating World Pictures,89.0
GAGA Communications,89.0
Gathr Films,89.0
Heaven Pictures,89.0
Mega Bollywood,89.0
Milestone Films,89.0
Milestone Pictures,89.0
Odeon Sky Filmworks,89.0
Organic Films,89.0
Paradox Film 3,89.0
Rifftrax,89.0
Roco Films,89.0
Rosevine Films,89.0
Streamline Pictures,89.0
The Collective/Bloody Disgusting Selects,89.0
ThinkFilm Inc.,89.0
Thunder Perfect Mind,89.0
Tigerlily Pictures LLC,89.0
Visit Films,89.0
Windy Hill Pictures,89.0
Zanuck Company,89.0
HBO Documentary Films,88.71428571428571
Element Pictures,88.5
Flower Films,88.5
Hemdale Film Corporation,88.5
Likely Story,88.5
The Film Desk,88.5
Cinema Guild,88.46875
3 Faces Films,88.0
Adlabs,88.0
Amblin Television,88.0
Artefact Films,88.0
Associated Film Distributors,88.0
Blue Lame 61 Productions,88.0
Borderline Films,88.0
ByExperience,88.0
Calliope Films,88.0
Cinema Productions,88.0
Cinema V,88.0
Cinemien,88.0
Continental Home Video,88.0
Cowboy,88.0
Distrib Films US,88.0
Embassy Pictures/Rialto Pictures,88.0
Films Philos,88.0
Fine Line Media,88.0
Fox Lorber,88.0
Fun Academy Media Group,88.0
Ghost House Pictures,88.0
Goldenvoice,88.0
Grandon,88.0
Icarus Films,88.0
Imagination Productions,88.0
International Telefilm Enterprises,88.0
Island Alive,88.0
Kink.Com,88.0
Kurosawa Production Co.,88.0
Ledafilms Entertainment Group,88.0
MGM/UA Distribution,88.0
Media Education Foundation,88.0
New Horizons Picture Corp.,88.0
New Real Films,88.0
Novo Novus Productions,88.0
Orion Releasing LLC.,88.0
PBS Home Video,88.0
Perlmutt Productions,88.0
Rochelle Films,88.0
Saguenay Films,88.0
Shadowbox Films,88.0
Shôchiku Eiga,88.0
Slingshot Entertainment,88.0
Sony Pictures Classic,88.0
Subconscious Films,88.0
Tokikake Film Partners,88.0
Topar Films,88.0
UTV Motion Pictures,88.0
Ultraviolet Projects,88.0
Uncorked Productions,88.0
WB,88.0
Wishbone Films,88.0
New Video,87.5
BBC Films,87.4
Indiepix,87.4
Adlabs Films,87.33333333333333
Docurama,87.16666666666667
Animal Kingdom,87.0
Atlantic Releasing Corporation,87.0
Blenheim Films,87.0
Castle Rock Entertainment,87.0
DistriB Films,87.0
Europa Corporation,87.0
Film Forge Productions,87.0
First Run Entertainment,87.0
Goldwyn Films,87.0
GreyCat Films,87.0
Image Entertainment Inc.,87.0
Maven Pictures,87.0
Netflix Originals,87.0
Republic Pictures,87.0
Samuel Goldwyn Film/Red Envelope,87.0
Spotlight Films,87.0
Unison Films,87.0
HBO,86.875
Disney Channel,86.66666666666667
Allied Artists Pictures,86.6
Joseph Burstyn Incorporated,86.5
Amazon Studios/Bleecker Street Media,86.0
Area23,86.0
Arte,86.0
Arthouse Pictures,86.0
Astrea Media,86.0
BOND/360,86.0
Bang Incorporated,86.0
Batjac Productions Inc.,86.0
Big Vision Creative,86.0
Big World Pictures,86.0
DocComTV,86.0
Dugong Films,86.0
Family1 Films,86.0
Film Forum,86.0
First Independant Pictures,86.0
Fresh One Productions,86.0
Fuji IG Laboratory for Movies,86.0
Green Planet Productions,86.0
Greenwich Entertainment,86.0
Haram Films,86.0
Herts-Lion International Corp.,86.0
Heyman Brothers Films,86.0
Hollywood/Buena Vista,86.0
Home Box Office (HBO),86.0
Idéale Audience,86.0
Independent Pictures/Metrodome Dist.,86.0
Island,86.0
Kelly/Jordan Enterprises,86.0
Lantern Lane Entertainment Ltd,86.0
Libra Films International,86.0
MPI Entertainment,86.0
Magnet/Magnolia Pictures,86.0
Neoclassic Films,86.0
Norma Productions,86.0
Otro Distribuidor,86.0
Pan Films,86.0
Rachael Horovitz Productions,86.0
Rainforest Productions,86.0
Rockers Film Corporation,86.0
Saboteur Media,86.0
Screen Media Ventures/Focus Features,86.0
Shivalaya Entertainment,86.0
Sil-Metropole Organisation,86.0
Strong Eagle Media,86.0
TLR Productions,86.0
Thier Productions,86.0
Victoria Sanders Productions,86.0
VidAmerica,86.0
Walt Disney Films,86.0
Water Bearer Films,86.0
Zik Zak Filmworks,86.0
Zeitgeist Films,85.86
Laemmle/Zeller Films,85.66666666666667
RKO Radio Pictures,85.66666666666667
Arthouse Films,85.55555555555556
First Run/Icarus Films,85.5
Loki Films,85.5
Arenamedia,85.0
Audubon Nature Institute,85.0
Bunker 15 Films,85.0
Central Productions,85.0
DreamWorks/Paramount Distribution,85.0
Firefly Inc./Level 22,85.0
Fulwell 73 Productions,85.0
Gibraltar Films,85.0
Goodbye Cruel World,85.0
Hatchet Films,85.0
Jabberwockee Talkies,85.0
Kaleidoscope,85.0
Libero LLC,85.0
Lucia Films,85.0
Marcie Films Limited,85.0
Nordisk,85.0
PBS Distribution,85.0
Quandrangle,85.0
Radius/The Weinstein Co.,85.0
Ryko Distribution,85.0
Severin Films,85.0
Shooting Gallery,85.0
Tartan Films/TLA Releasing,85.0
Tostie Productions,85.0
Tycor International Film Company,85.0
United Artists Pictures,85.0
Woodfall Film Productions,85.0
Zipporah Films,85.0
Scott Entertainment,84.8
Kino Lorber,84.77551020408163
Eagle-Lion Films,84.5
IDP/ATO,84.5
Synapse Films,84.5
Tribecca Film,84.5
New Yorker Films,84.38095238095238
Balcony Releasing,84.16666666666667
Artisan Films,84.0
British Screen,84.0
California Newsreel,84.0
Cinecom Pictures,84.0
Cinema Guild Inc,84.0
Code Red,84.0
El Deseo,84.0
Elysian Films,84.0
Harbinger Pictures,84.0
Kino International Corp.,84.0
Mint Pictures,84.0
Peach Arch Entertainment/Vitagraph Films,84.0
Regent Releasing/Whitewater Films,84.0
Roadshow Films,84.0
SF Studios,84.0
Touchstone Home Entertainment,84.0
Trapecio Cine,84.0
Tremolo Productions,84.0
Varience Films,84.0
Warner Brothers/Seven Arts,84.0
Zodiac Pictures,84.0
International Film Circuit,83.91666666666667
Screenvision,83.75
Haut et Court,83.5
Koch Vision,83.5
Red Crown Productions,83.5
The Film Collaborative,83.5
Argos Films,83.33333333333333
Zeitgeist,83.33333333333333
Syndctd Entertainment,83.2
Buena Vista Internationa,83.16666666666667
ABC Signature Studios,83.0
ARRI Media,83.0
Andale Pictures,83.0
Apparition Films,83.0
Between the Rivers Productions,83.0
Brickwall Productions,83.0
Broad Street Pictures,83.0
Brut Productions,83.0
Cinema Asia Releasing,83.0
Contender Films,83.0
Creative Scotland,83.0
Diamond Docs,83.0
Disney/Marvel,83.0
Eagle-Lion,83.0
Easy Tiger,83.0
Eleven Arts,83.0
Europix International,83.0
Fidelity Pictures,83.0
Films à Cinq,83.0
First Run Pictures,83.0
Free Chicken Films,83.0
Gébéka Films,83.0
Helicon Arts Cooperative,83.0
In Exhile Films,83.0
Journeyman Pictures,83.0
Lemle Pictures,83.0
Long Shot Factory,83.0
Love Hunter Film LLC,83.0
Minority Films,83.0
Mountain View Productions,83.0
NEON,83.0
NEON/Hulu,83.0
Nepi Film,83.0
New Yorker,83.0
Next Entertainment World,83.0
Oregon Trail Films,83.0
Referat für Filmgeschichte,83.0
Steve Krantz Productions,83.0
Stromboli Films,83.0
Terror Films,83.0
Transvue Pictures Corp.,83.0
Urban Tales Productions,83.0
WGBH Boston Video,83.0
World Wide motion Picturess Co.,83.0
Yorkin Company,83.0
Your Half Pictures,83.0
Orion Classics,82.75
Oscilloscope Laboratories,82.72727272727273
GKIDS,82.71428571428571
A & E,82.66666666666667
Film Science,82.5
Sony Picture Classics,82.16666666666667
Madacy Entertainment,82.14285714285714
ABKCO Films,82.0
Altered Innocence,82.0
Anchor Bay Entertainment Inc.,82.0
Arts Alliance,82.0
Asian Crush,82.0
Aspiration Media,82.0
Blue Collar Releasing,82.0
Bron Studios,82.0
Buena Vista Distribution,82.0
CNC,82.0
Cinetic Media,82.0
Cohen Media,82.0
Creative Associates Limited,82.0
DC Comics,82.0
Destroy All Entertainment,82.0
Devolver Digital,82.0
Dezenove Som e Imagem,82.0
Electric City Entertainment,82.0
Elephant Eye Films,82.0
Face Productions,82.0
Film Sales Company,82.0
Fox Film Corporation,82.0
Interloper & Abramorama,82.0
Kino,82.0
Kinowelt,82.0
LD Entertainment/Lionsgate/Roadside Attractions,82.0
MK Pictures,82.0
Magnolia Distribution,82.0
Maysles Films,82.0
NewVoice Production,82.0
Palisades Media/Tartan Films,82.0
Peace Arch Films,82.0
Philistine Films,82.0
Plan B Films,82.0
Rhino Home Video,82.0
SK Films,82.0
Shudder,82.0
Silver Nitrate,82.0
Snag Films,82.0
Ubin Twinz Productions,82.0
Videofilmes Produçoes Artisticas Ltda.,82.0
Walt Disney Home Video,82.0
Xenon,82.0
Area 23a,81.83333333333333
Annapurna Pictures,81.75
Independent Films,81.75
MacGillivray Freeman Films,81.6
MTV Films,81.5
Monument Releasing,81.5
Drafthouse Films,81.38235294117646
A24,81.35714285714286
Lorber Films,81.3076923076923
American Cinemateque,81.0
American Zoetrope Entertainment,81.0
Best Film & Video Corp.,81.0
British Film Company,81.0
Channel 4 Television,81.0
Cranked Up Films,81.0
De Laurentiis Entertainment Group (DEG),81.0
Great Point Media and Paladin,81.0
Hole LLC.,81.0
Inimitable Pictures,81.0
Iris Productions,81.0
MGM/Sidney Kimmel Entertainment,81.0
Magidson Films,81.0
Magnolia Picutres,81.0
Mantarraya Producciones,81.0
Metrodome,81.0
Microcinema,81.0
New Day Films,81.0
Ocilloscope Pictures,81.0
Paramount Studios/Dreamworks,81.0
Salt Company,81.0
Story AB,81.0
Universal Films,81.0
Wolfe Releasing,81.0
National Geographic,80.75
Whitewater Films,80.5
Music Box Films,80.47435897435898
NCM Fathom,80.4
Gunpowder & Sky,80.2
RKO Pictures,80.13333333333334
Sony Classics,80.1
Atlantic Releasing,80.0
Bayonet Media,80.0
Blue Raven Films,80.0
Bounty Films,80.0
Box Office Attractions,80.0
Brothers Cummings Film,80.0
Cannon Group,80.0
Cardinal Releasing Ltd.,80.0
Central Motion Pictures Corporation,80.0
Cine Mosaic,80.0
Collective,80.0
Comedy Central,80.0
Compound B,80.0
Dark Horse Indie,80.0
Diva,80.0
Eclectic DVD Distribution,80.0
Emerald Productions,80.0
Emerging Picutres,80.0
Engenius Productions,80.0
Film Camp Productions,80.0
Film Life,80.0
Fingerprint Releasing and Bleecker Street,80.0
Fox Network,80.0
Grindhouse Entertainment,80.0
IFC Entertainment,80.0
Icon Entertainment International,80.0
Indipix,80.0
Kirschenbaum Productions,80.0
Leisure Time Films,80.0
Little Big Horn Films,80.0
Magnolia Pictutures,80.0
Mar Vista Entertainment,80.0
Melbar Entertainment Group,80.0
Metro Tartan Distributors,80.0
Mitropoulos,80.0
Momento Films,80.0
National Wildlife Federation,80.0
NeoClassics,80.0
OTB Productions LLC,80.0
Pathé,80.0
Phil Donahue Enterprises,80.0
Prime Entertainment,80.0
Regent Releasing/Here Media,80.0
SF Film A/S,80.0
Shoot First Inc,80.0
Singer/White Productions,80.0
Spinning Blue,80.0
Super LTD,80.0
Tiglon,80.0
Toei Company,80.0
Toho Company Ltd,80.0
Union Pictures,80.0
United Channel Movies,80.0
Universal Pictures/Rogue,80.0
Vlader Company,80.0
Walt Disney,80.0
Wild Eye Selects,80.0
Woods Entertainment,80.0
Zentropa Entertainments,80.0
Zubara Films,80.0
s,80.0
Menemsha Films,79.83333333333333
Adopt Films,79.81818181818181
DC Entertainment,79.8
Kino Lorber Films,79.73076923076923
Random Media,79.66666666666667
Det Danske Filminstitut,79.5
Gramercy,79.5
Lorber,79.5
Olive Films,79.5
Gravitas,79.375
Magnolia Pictures/Magnet Releasing,79.33333333333333
Sony Classic Pictures,79.25
Sundance Selects,79.10344827586206
Alamode Film,79.0
Bona Entertainment,79.0
Bron Capital Partners,79.0
Dog Eat Dog Films,79.0
Doppelganger Releasing,79.0
GGrindstone Entertainment Group,79.0
Independent Artists,79.0
Insurgent Releasing,79.0
Left Bank Pictures,79.0
MGM/Dimension,79.0
Nordisk Film Biograf Distribution,79.0
Ombra Films,79.0
One Horse Shy Productions,79.0
Park Ex,79.0
RAM Releasing,79.0
Sag Harbor-Basement Pictures,79.0
Seon Films,79.0
Universal/Paramount Pictures,79.0
eRealBiz,79.0
VCI,78.77777777777777
Kino on Video,78.71428571428571
Orion Pictures,78.63636363636364
United Artists Films,78.6
Water Bearer Films Inc.,78.6
Duplass Brothers,78.5
Les Films du Losange,78.5
Lightyear Entertainment,78.5
Shadow Distribution,78.5
HBO Films,78.47368421052632
FUNimation Films,78.25
Oscilloscope Pictures,78.21052631578948
Cowboy Booking International,78.2
Azucar Films,78.0
Bontonfilm,78.0
Burn Later Productions,78.0
CNS Communications,78.0
Compass Films Production,78.0
Ferdyduke Films,78.0
Film Colony,78.0
Four Square,78.0
Gert Literary Services,78.0
Golden Harvest Company,78.0
Hammer Productions,78.0
Indie Crush,78.0
Level Film,78.0
Lionsgate and Roadside Attractions,78.0
Lipsync Productions,78.0
Mactavish Pictures,78.0
Magnolia Hill Entertainment,78.0
MotherLode Films,78.0
RatPac Documentary Films,78.0
Redhouse Productions,78.0
Saiko,78.0
Silver Sphere Corporation,78.0
Sirk Productions,78.0
Sneaky Sneaky Films,78.0
Stratosphere Entertainment,78.0
Streetlight Films,78.0
Super Hero Films,78.0
Surrogate,78.0
The Fish Film,78.0
Vivafilm,78.0
Working Title,78.0
Turner Home Entertainment,77.92307692307692
Oscilloscope,77.75
Continental,77.71428571428571
Anonymous Content,77.5
Giant Screen Films,77.5
Realart Pictures Inc.,77.5
Bleecker Street,77.25
Magnolia,77.14285714285714
2929 Productions,77.0
Argus Film Produktie,77.0
Aries Films,77.0
BBC Worldwide North America,77.0
Big Beach Films,77.0
Bleecker Street Films,77.0
Bones Brigade,77.0
Burning Blue,77.0
Cinecom International Films,77.0
Cinerez,77.0
Cranked Up Productions,77.0
Films We Like/Zeitgeist Films,77.0
Global Media Project,77.0
Gramercy Pictures,77.0
Komplizen Film GbR,77.0
Laurel Entertainment,77.0
Lewis Pictures,77.0
Market Road,77.0
Myung Film,77.0
National Geographic Cinema Ventures,77.0
Original Cinema,77.0
Oscilloscope Labs,77.0
Picturehouse Films,77.0
Soda Pictures Ltd.,77.0
Syndicado,77.0
Warner Bros. Pictures International,77.0
Wolfe Releasing.,77.0
United Artists,76.82389937106919
Film Chest,76.75
New Video Group,76.75
Cannon Releasing,76.5
Classic Media,76.5
Lionsgate Releasing,76.5
Picture This! Entertainment,76.5
Indomina Media,76.33333333333333
Tartan Films,76.33333333333333
USA Films,76.3
ABC Distribution Co.,76.0
AMC/The Collective/BloodyDisgusting,76.0
Alive Films,76.0
Amazon Studios and IFC Films,76.0
Castle Hill Productions,76.0
Cheng Cheng Films,76.0
DIRECTV and Viva Pictures,76.0
Disneynature,76.0
EDKO Film,76.0
Economic Projections,76.0
Elysian Dreams,76.0
HanWay Films,76.0
Modern Distributors,76.0
Ocscilloscope Pictures,76.0
RatPac-Dune Entertainment,76.0
Roadside Attraction,76.0
Rockville Pictures,76.0
Samuel Goldwyn,76.0
Shadow Catcher Entertainment,76.0
Swen Releasing,76.0
First Run Features,75.74545454545455
20th Century Fox Film Corporation,75.67441860465117
Koch Lorber Films,75.63636363636364
Sony Pictures Classics,75.6076923076923
Allied Artists,75.5
levelFILM,75.5
Well Go USA Entertainment,75.29166666666667
Artisan Pictures,75.16666666666667
4 ½,75.0
Along The Tracks,75.0
Alter Ego Pictures,75.0
American Pop,75.0
Amour Fou Vienna,75.0
Analysis Releasing,75.0
Andes Films,75.0
Argot Pictures,75.0
Atopic films,75.0
Black Robe,75.0
Blazhoffski Company,75.0
Cinema Group,75.0
Cinevista,75.0
DoF Media,75.0
Doin' It In The Park LLC,75.0
EPIX,75.0
Egmont,75.0
EuropaCorp. Distribution,75.0
Film Mode Entertainment,75.0
First Run Features (,75.0
Focus Film Entertainment,75.0
Hawk House Productions,75.0
Heroica Films,75.0
International Spectrafilm,75.0
KinoNation,75.0
Leisure Time,75.0
Leisure Time Features,75.0
Lions Gate Films Releasing,75.0
Lionsgate/Roadside Attractions,75.0
Media Asia Films Ltd,75.0
Meteor 17,75.0
National General Pictures,75.0
"Overwhelming Umbrella Productions, Inc.",75.0
Panorama Global,75.0
Patrick Stewart Productions,75.0
PhilGrabsky.com,75.0
Plymptoons,75.0
Rank Organisation,75.0
Riviera Films,75.0
Roller Disco Massacre,75.0
SPC,75.0
See-Saw Films,75.0
SeeThink Films,75.0
The Artists Company,75.0
The Elvira Movie Company,75.0
Toho Company,75.0
Tombstone Distribution,75.0
Trinity Films,75.0
Umbrella Entertainment,75.0
Unapix,75.0
Universal-International,75.0
Warner Bros. Pictures/Legendary Pictures,75.0
Epic Pictures,74.91666666666667
Kino International,74.83783783783784
MCA/Universal Pictures,74.6
Low Spark Films,74.5
UTV,74.33333333333333
Atlas Distribution Company,74.0
Eve Productions,74.0
Magnolia Pictures/Magnet Pictures,74.0
Mela Films,74.0
Newmarket Films LLC,74.0
Outsider Pictures,74.0
Robot Stories,74.0
Submarine Deluxe,74.0
Tribeca Productions,74.0
United Film Distribution,74.0
Warner Bros Pictures,74.0
Film Movement,73.85915492957747
Unknown,73.85714285714286
Twentieth Century Fox,73.85185185185185
Palm Pictures,73.79411764705883
Amazon Studios,73.5
Avalanche Entertainment,73.5
Fireworks Pictures,73.5
Palisades Tartan,73.5
A24 Films,73.47368421052632
Roxie Releasing,73.4
WG Film,73.33333333333333
Orion Pictures Corporation,73.3076923076923
20th Century Fox Film Corporat,73.25
Blumhouse Productions,73.25
Glass Eye Pix,73.25
NeoClassics Films,73.2
2203 Studio,73.0
Anguille Productions,73.0
Animal,73.0
Appian Way Productions,73.0
Assemblage Entertainment,73.0
Beard Collins Shores Productions,73.0
British Screen Productions,73.0
Crescendo Productions,73.0
Emerging Pictures,73.0
Factory 25,73.0
Federighi Films,73.0
FilmNation Entertainment,73.0
Gorilla Films,73.0
Indepedent Pictures,73.0
Inecom Entertainment,73.0
LD Entertainment and Bleecker Street,73.0
Les Films du Worso,73.0
Lifetime Networks,73.0
Lodger Films,73.0
MK2 Diffusion,73.0
Madman Entertainment,73.0
Motlys AS,73.0
October Releasing,73.0
Pampa Films,73.0
Paramount/Dreamworks Animation,73.0
Ripple Effect Films,73.0
Roadside Attractions/Samuel Goldwyn,73.0
National Geographic Entertainment,72.66666666666667
Netflix,72.62142857142857
Yash Raj Films,72.57142857142857
Columbia Pictures Corporation,72.55555555555556
Bona Film Group Limited,72.5
Maximum Film Distribution,72.5
Republic,72.5
SeeThink Productions,72.5
Franco London Films,72.33333333333333
Newmarket Film Group,72.33333333333333
Buena Vista Distribution Company,72.25
Seventh Art Releasing,72.22222222222223
Bloody Disgusting Films,72.0
Celluloid Dreams,72.0
Exhibition On Screen,72.0
Film4,72.0
Greenlight Theatrical,72.0
IFC,72.0
Illumination Entertainment,72.0
Landmark,72.0
Nickelodeon Movies,72.0
Paramount Studios/DWA,72.0
Pyramide Distribution,72.0
Rada Film Group,72.0
Scope Pictures,72.0
Tri Star,72.0
XYZ Films,72.0
iHQ,72.0
Christal Films,71.66666666666667
First Look Media,71.6
Vitagraph Films,71.55555555555556
Grand Entertainment,71.5
Imax Corporation,71.5
Monarch Home Entertainment,71.5
Indomina Releasing,71.33333333333333
A Day in the Life Films,71.0
Aliquot Films,71.0
Bard Entertainments,71.0
Blackbird Films,71.0
Blue Sky Studio/20th Century Fox,71.0
Bodega Studios,71.0
Deutsche Universum Film AG,71.0
Double M Films,71.0
EMI,71.0
Eastern Productions,71.0
Eureka Entertainment Ltd,71.0
FIP,71.0
Golan-Globus Productions,71.0
Habberkrats,71.0
Indie Rights,71.0
International Rainbow Pictures,71.0
Lascaux Media,71.0
Launchpad Productions,71.0
Les Films du Fleuve,71.0
Lovett Productions,71.0
Manhattan Pictures Internation,71.0
Miasma Films,71.0
O2 Filmes,71.0
Occupant Entertainment,71.0
Pase 4 Films,71.0
Perdido Productions,71.0
Reel Link Films,71.0
Shoreline Entertainment,71.0
Submarine Media,71.0
Sumerian Films,71.0
Sun-Telegram Pictures,71.0
TFM Distribution,71.0
The Collective,71.0
Trela Media,71.0
Twinkle Cash Company,71.0
Vice Media,71.0
WILDArt Film,71.0
Walt Disney Feature Animation,71.0
Well Go USA Inc.,71.0
The Orchard,70.94871794871794
Hallmark Entertainment,70.66666666666667
Lions Gate Releasing,70.66666666666667
October Films,70.66666666666667
Warner Brothers,70.66666666666667
Cowboy Pictures,70.57142857142857
Bac Films,70.5
Dark Sky Films,70.5
Australian Film Finance Corporation,70.33333333333333
Good Deed Entertainment,70.33333333333333
72nd Street Productions,70.0
Anywhere Road,70.0
Cineville Inc.,70.0
Cohen Film Collection,70.0
Derek Jarman Lab,70.0
Echo Films,70.0
Entertainment Rights,70.0
Geffen Pictures,70.0
Global Cinema Distribution,70.0
Kino Loerber Films,70.0
Kino-Lorber Films,70.0
MPI Home Video,70.0
Maya Releasing,70.0
Notro Films,70.0
Passion River Films,70.0
Red Hat Films,70.0
Tekno Hut,70.0
The American Film Company,70.0
The Weinstein Co./Dimension,70.0
Troma Entertainment,70.0
Wild Eye Releasing,70.0
cinTBLAST!,70.0
FilmRise,69.88888888888889
Cohen Media Group,69.79629629629629
Doppelgänger Releasing,69.75
Republic Pictures Home Video,69.6
CiBy 2000,69.5
Cinedigm Entertainment Group,69.5
Slowhand Cinema Releasing,69.5
Tartan USA,69.5
IDP,69.33333333333333
Westchester Films,69.33333333333333
TriStar,69.25
Fathom Events,69.2
Bless Bless Productions,69.0
CAB Productions,69.0
Children of Productions,69.0
Contender Entertainment Group,69.0
Giant Interactive,69.0
Hyperion Media Group,69.0
Mare Nostrum Productions,69.0
Midwest Films,69.0
Peninsula Films,69.0
Petri Entertainment,69.0
Polsky Films,69.0
Reboot Media,69.0
Sherwood,69.0
Tesauro,69.0
Traverse Media,69.0
Troma,69.0
Vanguard Cinema,69.0
Level 33 Entertainment,68.9090909090909
Empire Pictures,68.8
MVD Entertainment Group,68.75
Dreamworks Pictures,68.71428571428571
Lot 47 Films,68.66666666666667
Cinema Purgatorio,68.6
Fine Line Features,68.58620689655173
Hulu,68.5
IMAX,68.5
Fox Searchlight,68.49056603773585
Wellspring,68.375
Dreamworks/Paramount,68.33333333333333
Abramorama,68.28571428571429
Artistic License Films,68.25
Embrem Entertainment,68.25
MGM Home Entertainment,68.15261044176707
1091,68.0
21st Century Film Corporation,68.0
Agav Films,68.0
Bleecker Street / Participant Media.,68.0
Bow and Arrow Entertainment,68.0
British Film Institute,68.0
Carnivalesque Films,68.0
Nevision Studios One,68.0
Samuel Goldwyn Films LLC,68.0
Snowfort Pictures,68.0
Sydney Kimmel Entertainment,68.0
The Criterion Collection,68.0
Waner Bros.,68.0
Well Go Entertainment,68.0
WingNut Films,68.0
MTI Home Video,67.66666666666667
Virgin Vision,67.66666666666667
DreamWorks Animation,67.5
Lions Gate Films Inc.,67.5
Rhombus Media,67.5
BMG,67.375
Area23A,67.33333333333333
Academy Entertainment,67.25
Radius-TWC,67.16666666666667
IFC First Take,67.1
306 Releasing,67.0
7th art,67.0
A71 Entertainment,67.0
Amplify,67.0
Ankle Sock & Baseball Pants,67.0
Ariescope Pictures,67.0
ArtAffects Entertainment,67.0
Attitude Films,67.0
BN Films,67.0
Baxter Brothers Film Releasing,67.0
Black Dynamite Films,67.0
Byronic Pose Productions,67.0
Call It Pictures,67.0
Carlo Ponti Productions,67.0
Cinemation,67.0
Circle Associates Ltd.,67.0
DFM Creative,67.0
Dreamland Motion Picture Co.,67.0
Engine 7 Films,67.0
Evokative Films,67.0
Fangoria,67.0
Feld Films,67.0
First Run/Icarus,67.0
First Stripe Productions,67.0
Giant Pictures,67.0
Giant Screen Sport,67.0
Go For Broke Pictures,67.0
Gutek Film,67.0
Hallmark Releasing Corp.,67.0
Hill-Hecht-Lancaster Productions,67.0
Howard Hawks,67.0
Jack H. Harris Enterprises,67.0
Keep Your Head,67.0
Lammle and Bloodrush Films,67.0
Laser Media,67.0
Level 33 Entertainment/Millenium Media S,67.0
Lionsgate Films/After Dark Films,67.0
Magic Head Film,67.0
Mara Films,67.0
Martin Chase Productions,67.0
Miramax Flims,67.0
Moderncine,67.0
NCM/ Fathom,67.0
Octane Entertainment,67.0
Ohio Street Pictures,67.0
Omega Entertainment,67.0
One Earth Productions,67.0
Oriental Light and Magic,67.0
PMK-BNC Films,67.0
Pango Films,67.0
Paragon Films Inc.,67.0
Paul Devlin Productions,67.0
Persona Films,67.0
Premiere Group,67.0
ReRun Gastropub,67.0
Regent,67.0
SSS Entertainment,67.0
Scimitar Films,67.0
Skydance Films,67.0
Sony Films,67.0
Sony Pictures and Vertical Entertainment,67.0
Specialty Studios/ Ripple Effect Inc.,67.0
T42 Entertainment,67.0
ThinkFilm Inc,67.0
Thousand Delight Pictures,67.0
Trans Lux Inc.,67.0
Treasure Entertainment,67.0
Typecast Pictures,67.0
Varma Corporation Limited [in],67.0
Warp X,67.0
World Wide Pictures,67.0
WARNER BROTHERS PICTURES,66.98901098901099
Lions Gate,66.9
Dark Star Pictures,66.875
Fox International,66.66666666666667
Mongrel Media,66.66666666666667
Parts and Labor,66.66666666666667
Gaumont,66.625
Nelson Entertainment,66.57142857142857
AFFRM,66.5
Asmik Ace Entertainment,66.5
Bankside Films,66.5
Lifesize Entertainment,66.5
Starz Media,66.5
Walt Disney Pictures/PIXAR,66.5
Strand Releasing,66.45121951219512
Focus Features,66.39370078740157
Miramax Films,66.33986928104575
Vertigo Films,66.33333333333333
Fox,66.28333333333333
Chiller Films,66.0
Fox Films,66.0
Independent Distribution Partn,66.0
Mars Distribution,66.0
Palm,66.0
United Artists Pictures/MGM,66.0
Universal Focus,66.0
StudioCanal,65.8
Red Flag Releasing,65.66666666666667
American Pop Classics,65.54545454545455
Metro-Goldwyn-Mayer (MGM),65.5
Orion,65.5
Independent Pictures,65.47540983606558
Wolfe Video,65.33333333333333
Cavu Pictures,65.25
Variance Films,65.23529411764706
Magnolia Pictures,65.204
3 Ring Circus Films,65.0
Amazon Studios and Roadside Attractions,65.0
Echolands Creative Group,65.0
Embargo Films,65.0
F.D. Cinematografica,65.0
Head Gear Films,65.0
Jour de Fete Films,65.0
Madacy Home Video,65.0
Media Blasters,65.0
"New Chapter Productions, Inc.",65.0
New Wave Films,65.0
Newmarket,65.0
Paramount Pictures/MTV Films,65.0
Partizan Production,65.0
Plexifilm,65.0
Priority Films/Slowhand Cinema Releasing,65.0
Rolling Thunder,65.0
STX Films,65.0
Shout Factory,65.0
Sony/MGM,65.0
The Film Sales Company,65.0
Tribecca Films,65.0
Variance Films & Universal Pictures Content Group,65.0
Warner Independent Pictures,65.0
Wellspring Media,65.0
UTV Communications,64.92307692307692
Bleiberg Entertainment,64.66666666666667
Warner Bros,64.66666666666667
Picturehouse,64.63636363636364
AVCO Embassy Pictures,64.57142857142857
Evergreen,64.5
Participant Media,64.5
Vestron Video,64.41666666666667
Legend Films,64.33333333333333
Virgil Films,64.25
Tribeca Film,64.08695652173913
Fox Searchlight Pictures,64.01408450704226
7-57 Releasing,64.0
Autlook Filmsales GmbH,64.0
CineReach,64.0
Cinedigm Entertainment/Docurama,64.0
Cinerama Releasing Corporation,64.0
Go Fish Pictures,64.0
Horn OK Please,64.0
Inferno Entertainment,64.0
Jinga Films,64.0
Kasbah-Film Tanger,64.0
KnightMarcher,64.0
Langfilm,64.0
"MGM Pictures, Inc.",64.0
Off Hollywood Pictures,64.0
PMK BNC Film,64.0
Red Envelope Entertainment,64.0
SHOUT! STUDIOS,64.0
The Bubble Factory,64.0
Breaking Glass Pictures,63.925925925925924
Dreamworks,63.81481481481482
IFC Films,63.76381909547739
Apparition,63.75
Walt Disney Pictures,63.666666666666664
Passport,63.6
Paramount Vantage,63.54545454545455
Séville Pictures,63.25
FilmBuff,63.166666666666664
VCI Entertainment,63.166666666666664
BBC Worldwide,63.0
Backup Media,63.0
Bedlam Productions,63.0
Cinétéve,63.0
Columbia Tri-Star,63.0
Davis Entertainment,63.0
Dragonfly Films,63.0
EMI Productions,63.0
Eclectik Vision,63.0
Eden Rock Media,63.0
Equinoxe Films,63.0
France 2 Cinéma,63.0
Graniet Film BV,63.0
Hart Sharp Video,63.0
Hassell Free Production,63.0
Itaca Films,63.0
James Patterson Entertainment,63.0
Life Inside Out The Movie,63.0
MVD Music Video,63.0
Panasia Films Production,63.0
Screen Guild,63.0
Steel Mill Pictures,63.0
Sudden Motion Productions,63.0
Universal 1440 Entertainment,63.0
Variance Films/Well Go USA,63.0
Verdi Productions,63.0
Vestron Pictures,63.0
Visualeyes Productions,63.0
Cinema Libre,62.8421052631579
MPI Media Group,62.833333333333336
Samuel Goldwyn Company,62.75
The Weinstein Company,62.74698795180723
Tribeca Films,62.73913043478261
CJ Entertainment America,62.666666666666664
All Channel Films,62.5
MoMedia,62.5
Sony/Columbia,62.5
United Film Distribution Compa,62.5
"Well Go USA, Inc.",62.5
MGM Distribution Company,62.333333333333336
Magnet Releasing,62.142857142857146
Roadside Attractions,62.1123595505618
Anguish Film,62.0
Argyll Film Partners,62.0
Automatik Entertainment,62.0
Avalon,62.0
BGP Releasing LLC.,62.0
Braveart Films,62.0
Channel 83 Films,62.0
Columbia Pictures / Sony Pictures Animation,62.0
Diablo Entertainment,62.0
DreamWorks S.K.G.,62.0
Edward R. Pressman Film Corporation,62.0
Factory 25 (dvd),62.0
Lion's Gate Films,62.0
MGM Distribution,62.0
MGM Distribution Co,62.0
Sidetrack Films,62.0
Sony Entertainment,62.0
Sony Pictures Television,62.0
Newmarket Films,61.833333333333336
Walt Disney Productions,61.642857142857146
Artsploitation Films,61.6
Blue Underground,61.5
CJ Entertainment,61.5
Cannon Film Distributors,61.5
Abramorama Entertainment,61.375
Paramount/Dreamworks,61.333333333333336
ThinkFilm,61.282051282051285
DreamWorks/Paramount Studios,61.25
American International Picture,61.166666666666664
Radius,61.166666666666664
Bellwether Pictures,61.0
FilmFour,61.0
Jour de Fete,61.0
Rhino Entertainment Co.,61.0
Silver Nitrate Films,61.0
Submarine,61.0
TSG Pictures,61.0
RLJE Films,60.857142857142854
Columbia Pictures,60.7972972972973
Paramount Pictures,60.69416498993964
eOne,60.666666666666664
E1 Entertainment,60.6
Warner Bros.,60.559322033898304
Dreamworks Distribution,60.5
Luminous Velocity,60.5
Samuel Goldwyn Films,60.29896907216495
LD Entertainment,60.285714285714285
ACE Productions,60.0
ASA Pictures,60.0
Ascot Films,60.0
BH Tilt,60.0
Big Pictures,60.0
BrownBag Pictures,60.0
Calvin Marshall Productions,60.0
Cult Epics,60.0
Daft Arts,60.0
Dead Patriot Films,60.0
Digital Studios,60.0
Dream Entertainment,60.0
ESPN Films,60.0
Eclectic Pictures,60.0
Eros,60.0
Eros Enterainment,60.0
Farmhouse Film & TV Produksje,60.0
Francinex,60.0
Goldhil Video,60.0
H Films,60.0
Imperial Entertainment,60.0
Independent,60.0
It's Terrific Pictures,60.0
JVD Company,60.0
Jim Henson Company,60.0
Kaveras Film,60.0
Laemmle,60.0
Lange Associates,60.0
Le Bureau,60.0
Leucadia Film Corporation,60.0
Liberated Artists,60.0
Lions Gate Film,60.0
Lucky Hat Entertainment,60.0
MGM (Metro-Goldwyn-Mayer),60.0
Majestic Films,60.0
Mark Lewis Radio Pictures,60.0
Met Film,60.0
Nepenthe Productions,60.0
Netzgen,60.0
P.S. 260,60.0
Pacific Arts Video,60.0
Paramount Digital Entertainment,60.0
PureFlix,60.0
Razor Sharp Productions,60.0
Regent Entertainment,60.0
Reliance Entertainment,60.0
SModcast Pictures,60.0
Saturday Morning TV,60.0
Sycamore Entertainment,60.0
Taggart Productions,60.0
The Sabi Company,60.0
The Weinstein Company/Dimension,60.0
Tiger Industry Films,60.0
Trader Films,60.0
Turner Network Television (TNT),60.0
Vandewater Media,60.0
Walt Disney Studios Home Entertainment,60.0
Warner Bros. Pictures/Dark Castle,60.0
Winstar,60.0
World of Wonder Productions,60.0
Yari Film Group Releasing,60.0
deRochemont Films,60.0
Cinema Libre Studio,59.833333333333336
Uncork'd Entertainment,59.588235294117645
Edko Films,59.5
Silver Screen Partners IV,59.5
IFC Midnight,59.205128205128204
Gravitas Ventures,59.1625
Corinth Films,59.142857142857146
Anchor Bay and Freestyle Releasing,59.0
Bir Film,59.0
Copacetic Pictures,59.0
Crown International Pictures,59.0
Curmudgeon Films,59.0
Drag City,59.0
Gramercy Pictures/ USA Films,59.0
MCR Releasing,59.0
Millennium Media,59.0
Monica Beach Enterprises,59.0
Polychrome Pictures,59.0
Rooster Teeth Productions,59.0
Smokehouse Pictures,59.0
Space Rocket Nation,59.0
MGM,58.76335877862596
A-Pix,58.666666666666664
Killer Films,58.5
Hannover House,58.375
Media Home Entertainment,58.35897435897436
Amplify Releasing,58.333333333333336
Small Planet,58.333333333333336
Cinedigm,58.29032258064516
Artisan,58.25
Paramount Studios,58.17391304347826
Allumination FilmWorks,58.0
Barnholtz Entertainment,58.0
Block Entertainment,58.0
Columbia TriStar Film Distribu,58.0
DJ Films,58.0
"Dark Star Pictures, Uncork'd Entertainment",58.0
De Laurentiis Entertainment Gr,58.0
Dogwoof,58.0
February Films,58.0
IDP Films,58.0
Independent International Pictures Corp.,58.0
Jsenko Productions,58.0
Merola Productions,58.0
Mélusine Productions,58.0
NCM/Fathom,58.0
Oprah Winfrey Network,58.0
Paramont Classics,58.0
Roadside Atrractions,58.0
Star Overseas,58.0
Triboro,58.0
X-Filme Creative Pool,58.0
Paramount Classics,57.8974358974359
Screen Media Ventures,57.89473684210526
Twentieth Century Fox Home Entertainment,57.77070063694268
Sony Pictures Entertainment,57.66923076923077
American Zoetrope,57.666666666666664
Indican Pictures,57.526315789473685
Brainstorm Media,57.5
Universal Pictures,57.311300639658846
Universal Studios,57.170212765957444
Universal,57.12903225806452
Alliance,57.0
Blackbird Pictures,57.0
Bleecker Street Media,57.0
British International Pictures,57.0
Broadway Video,57.0
CTV International,57.0
Celador Films,57.0
City Lights,57.0
Contender,57.0
Deco Filmworks,57.0
El Independent Cinema,57.0
Eros Entertainment,57.0
First Look Pictures Releasing,57.0
Floralva Exclusivas,57.0
Freestyle Releasing/Yari Film Group,57.0
Fries Entertainment,57.0
Glass Eye Pix/Dark Sky,57.0
IFI,57.0
Icon,57.0
Kagan Company Radio Telegraph,57.0
Kristin Marie Productions,57.0
Leeden Media,57.0
Mad Samurai Productions,57.0
Mars Films,57.0
Moonstone Entertainment,57.0
Métropole Films,57.0
Phase 4,57.0
Picture House,57.0
Point Prod.,57.0
REF Productions,57.0
Red Chillies Entertainment,57.0
SND,57.0
Sony Pictures Worldwide Acquisitions,57.0
SpA Cinematografica,57.0
Studio Eight,57.0
Tango Entertainment,57.0
The Hike Productions,57.0
Universal Classics,57.0
Visio Entertainment,57.0
Worldvision Home Video,57.0
Wrekin Hill Entertainment,57.0
Warner Bros. Pictures,56.9390243902439
MGM Pictures,56.666666666666664
Main Street Films,56.666666666666664
Tai Seng,56.666666666666664
New Concorde Home Entertainment,56.5
Warner Bros. Pictures/Village Roadshow,56.5
Disney,56.42307692307692
Magnolia Releasing,56.2
Miramax,56.18012422360248
HBO Video,56.166666666666664
Amazon Studios & Broad Green Pictures,56.0
Artists Releasing Corporation (ARC),56.0
Black Fawn Films,56.0
C-100 Film Corporation,56.0
Capricorn Pictures,56.0
Celluloid Nightmares,56.0
Chameleon Pictures,56.0
China Lion Films,56.0
Commonwealth United Entertaime,56.0
Concorde Pictures,56.0
First Point Entertainment,56.0
Gone Fishing Pictures,56.0
Kanbar Entertainment,56.0
Leomark Studios,56.0
Little Film Company/Dada Films,56.0
Magic Lantern,56.0
Magnolia Home Entertainment,56.0
Optimum Releasing,56.0
Quixotic Endeavors,56.0
Redwood Palms Pictures,56.0
Revolver Entertianment,56.0
Simitar,56.0
Universal / Warner Bros.,56.0
WideSphere Films,56.0
Shout! Factory,55.916666666666664
Cinema Epoch,55.888888888888886
Screen Media,55.888888888888886
Under the Milky Way,55.75
Cleopatra Entertainment,55.714285714285715
GoDigital,55.5
Hammer Films,55.5
IDP Distribution,55.5
CBS Films,55.48
A24 and DIRECTV,55.26086956521739
After Dark Films,55.23076923076923
20th Century Fox Distribution,55.0
Big Beach,55.0
Canal +,55.0
Entertainment One Films,55.0
Hybrid Cinema Worldwide,55.0
Korchula Productions,55.0
Pioneer,55.0
Sycamore Pictures,55.0
Vertical Entertainment and DIRECTV,55.0
XLrator Films,55.0
Live Home Video,54.97872340425532
First Look Pictures,54.76923076923077
Focus World,54.666666666666664
MCA Universal Home Video,54.58536585365854
Buena Vista Pictures,54.56190476190476
Orion Home Video,54.515151515151516
Cinedigm Digital Cinema,54.5
Disney Toon Studios,54.5
DreamWorks Studios,54.5
Trimark Pictures,54.36363636363637
Lightning Media,54.333333333333336
The Weinstein Company/Dimension Films,54.333333333333336
The Film Arcade,54.23809523809524
Boroturro,54.0
Dada Films,54.0
Orion Pictures Corp.,54.0
Peach Arch Entertainment,54.0
PolyGram Films,54.0
Random Productions,54.0
Revolver Entertainment,54.0
Samuel Goldwyn Films/Destination Films,54.0
The Weinstein Company/MGM,54.0
United International,54.0
Vertical Entertainment and Sony Pictures Worldwide,54.0
Fox Home Entertainment,53.75
DEJ Productions,53.666666666666664
Jensen Farley Pictures,53.666666666666664
Buena Vista Distribution Compa,53.6
Alchemy Films,53.5
D&E Entertainment,53.5
Gener8Xion Entertainment,53.5
Slowhand Cinema,53.5
Film District,53.333333333333336
First Independent Pictures,53.333333333333336
Vanguard,53.111111111111114
Alliance Atlantis Motion Picture Distrib,53.0
Alliance Atlantis Vivafilm,53.0
Amblin Entertainment,53.0
Amplify Films,53.0
Dutch Tilt Film,53.0
Jeff Lipsky,53.0
Klein Lewis Productions,53.0
Lionsgate/Summit Entertainment,53.0
Mangusta Productions,53.0
Overture,53.0
Regatta,53.0
Riverstone Pictures,53.0
Slamdance on the Road,53.0
Why Not Productions,53.0
Wild Bunch Distribution,53.0
DreamWorks SKG,52.958333333333336
Overture Films,52.9375
First Look Studios,52.9
LionsGate Entertainment,52.80392156862745
Warner Home Video,52.75208913649025
Blue Fox Entertainment,52.72727272727273
Columbia TriStar,52.666666666666664
Entertainment Studios Motion Pictures,52.625
Universal Studios Home Entertainment,52.6
20th Century Fox,52.591787439613526
Abramorama Inc.,52.0
Bauer Martinez Distribution,52.0
Broad Green Pictures,52.0
Buena Vista Worldwide Home Entertainment,52.0
Fox Walden,52.0
Front Street Pictures,52.0
Honlodge Productions,52.0
Liongate Films,52.0
Maybach Film Productions,52.0
Media Blasters Releasing,52.0
Senator Film,52.0
The Sundance Channel,52.0
Third Rail Releasing,52.0
Wellspring Media Inc.,52.0
Conde Nast Entertainment,51.5
Magnet Releasing/Magnolia Pictures,51.5
Paramount Home Video,51.43333333333333
Well Go USA,51.42857142857143
Entertainment One,51.38095238095238
Sony Pictures Home Entertainment,51.16094986807388
City Lights Pictures,51.0
Fragmighty,51.0
Ingenious Media,51.0
MPI Media,51.0
Park Pictures,51.0
Single Shot Productions,51.0
Sony Video Software,51.0
Touchtone Pictures,51.0
USA Home Entertainment,50.75
EuropaCorp / STXfilms,50.666666666666664
Excel Entertainment,50.666666666666664
Slowhand Releasing,50.6
Monterey Media,50.525
Xlrator Media,50.5
Sony Pictures/Screen Gems,50.111111111111114
New World Pictures,50.083333333333336
42 West,50.0
Adlab Films,50.0
Anime Network,50.0
Arcos Pictures,50.0
Assembly Line,50.0
Audience Alliance,50.0
BCDF Pictures,50.0
Banger Films Inc.,50.0
Batjac Productions,50.0
Bazelevs Production,50.0
Big Pictures Releases,50.0
BiggerEpic,50.0
Bloody Disgusting/The Collective,50.0
Brooklyn Underground,50.0
Buena Onda Srl,50.0
Caché Film & Television,50.0
Caviar Films,50.0
Charter Video,50.0
Chris Kasick Company,50.0
Cinema Factory,50.0
City Lights Media/Green Owl/Red Envelope,50.0
Conor McGregor Sports & Entertainment,50.0
ContentFilm,50.0
Diablo Films,50.0
DisneyToon Studios,50.0
Distant Corners Entertainment Group,50.0
Exclusive Releasing,50.0
Falling Sky Entertainment,50.0
Film Community,50.0
Film Harvest,50.0
Film i Väst,50.0
Fundamental Films,50.0
Greaser's Palace,50.0
Heretic Films,50.0
Heritage Films,50.0
High Octane Pictures,50.0
Independent Edge FIlms,50.0
Lightning Entertainment,50.0
Logo Features,50.0
Lowland Pictures,50.0
Medusa Distribuzione,50.0
Milkshake Films,50.0
Millimeter Films,50.0
Morningwood Productions,50.0
Ostar Productions,50.0
Paulist Productions,50.0
Pellicola Films,50.0
Produzioni Europee Associati,50.0
Purple Rose Films,50.0
ReelU Films,50.0
Reliance Big Pictures,50.0
Right Brained Releasing,50.0
Robert Halmi Productions,50.0
Rocket,50.0
Rocking Films,50.0
Ronnoc Entertainment,50.0
Rooks Nest Entertainment,50.0
Rowish Productions,50.0
Rush River Entertainment,50.0
Salem Street Entertainment,50.0
Screen Media Ventures LLC,50.0
Silver Bullet,50.0
Steelyard Pictures,50.0
Sundance Creative Distribution Initiative,50.0
Tele-Film,50.0
The Match Factory,50.0
Transfax Film Productions,50.0
True Film Fund,50.0
Vanguard Films,50.0
Vega Baby Releasing & Sony Pictures Home Entertain,50.0
Vulcan Productions,50.0
Will Packer Productions,50.0
Win's Movie Productions Ltd.,50.0
Yash Raj Films/Walt Disney Films,50.0
New Line Cinema,49.858156028368796
Weinstein Company,49.705882352941174
Code Black Entertainment,49.666666666666664
Sony Pictures/Columbia Pictures,49.666666666666664
Syfy Films,49.5
Sony Pictures,49.240437158469945
Sony/Columbia Pictures,49.142857142857146
Paramount,49.08571428571429
Anchor Bay Entertainment,49.02298850574713
Outsider Films,49.0
Warner Independent,49.0
Truly Indie,48.75
ATO Pictures,48.4
Arenas Entertainment,48.333333333333336
Artisan Entertainment,48.265306122448976
Millenium Entertainment,48.1764705882353
TriStar Pictures,48.111111111111114
DPI Productions LLC.,48.0
Epic Pictures Releasing,48.0
MGM/United Artists,48.0
Matson Films,48.0
Metrodome Distribution,48.0
Rolling Thunder Pictures,48.0
Samuel Goldwyn/Roadside,48.0
Serendipity Point Films,48.0
Universal/Rogue Pictures,48.0
Eros International,47.8
Sony Pictures/Columbia,47.72727272727273
Monterey Media Inc.,47.666666666666664
Codeblack Entertainment,47.6
Cheezy Flicks Entertainment,47.5
PreviewNetworks,47.5
The Weinstein Co.,47.5
STARZ MEDIA LLC.,47.4
Regent Releasing,47.32432432432432
American International Pictures,47.214285714285715
Best Served Cold Productions,47.0
Dokument Films,47.0
Dreamachine,47.0
Revelstoke Productions,47.0
Rogue Pictures (Focus),47.0
Sultan Entertainment,47.0
Paladin,46.857142857142854
Summit Entertainment,46.785714285714285
Image Entertainment,46.75
PolyGram Video,46.6
Purdie Distribution,46.5
Freestyle Digital Media,46.46666666666667
Anchor Bay Films,46.30434782608695
Anchor Bay/Freestyle Releasing,46.25
20th Century Fox/Emerging Pictures,46.0
Affirm Films,46.0
Chubbco Film Co.,46.0
"Dimension Films, Anchor Bay Entertainment",46.0
Film Ventures International (F,46.0
New Line Cinema.,46.0
Redbus Film Distribution,46.0
STX Entertainment,46.0
TLA Entertainment,46.0
Trans World Entertainment,46.0
Unapix Entertainment,46.0
WAMCR,46.0
Well Go/Variance Films,46.0
Samuel Goldwyn Films/IDP,45.5
Dreamworks Distribution LLC,45.27272727272727
FilmDistrict,45.22222222222222
4th Row Films,45.0
Banner Pictures,45.0
Beijing Dadi Century Limited,45.0
Black Fish Films,45.0
Entertianment One Films,45.0
Ferocious Entertainment,45.0
Ghost Logic,45.0
Immense Productions,45.0
Liberty Studios,45.0
Lone Suspect,45.0
MFTK,45.0
Millenium Films,45.0
R.S. Entertainment Inc.,45.0
TriStar/FilmDistrict,45.0
Vision Films,45.0
Lions Gate Films,44.81818181818182
Phase 4 Films,44.513513513513516
Cinelou Films,44.5
"Image Entertainment, Inc.",44.5
Stage 6 Films,44.5
Full Moon,44.44444444444444
Walt Disney Home Entertainment,44.4
IDP/Samuel goldwyn Films,44.333333333333336
Touchstone Pictures,44.32876712328767
Cinedigm Entertainment,44.1875
AgX,44.0
Alliance Atlantis Communicatio,44.0
Alliance Films,44.0
Arcadia Motion Pictures,44.0
Artistic License,44.0
Atlantic,44.0
BKGTH Productions LLC.,44.0
Broken Road Productions,44.0
Catagory One Films,44.0
Circle of Confusion,44.0
Crimson Films,44.0
Dan Films,44.0
E-1 Entertainment,44.0
Effigy Films,44.0
Evergreen Films,44.0
Film Ventures International (FVI),44.0
Fuego Films,44.0
IFC Films/Sundance Selects,44.0
Lord Loudoun,44.0
Meadowbrook Pictures,44.0
Momentum Pictures,44.0
Moviehouse Entertainment,44.0
Multicom Entertainment Group,44.0
NBC,44.0
Orchard Pictures,44.0
Outrider Pictures,44.0
Stage 6,44.0
The Walt Disney Company,44.0
Warner Bros. Home Entertainment,44.0
nWave Pictures,44.0
Lionsgate Films,43.827586206896555
Buena Vista,43.729166666666664
Gigantic Pictures,43.666666666666664
Magic Lamp Releasing,43.666666666666664
Kandoo Films,43.5
New World Video,43.5
New World,43.44444444444444
RLJE/Image Entertainment,43.333333333333336
Regent Releasing/here! Films,43.333333333333336
Electric Entertainment,43.2
3311 Productions,43.0
905 Corporation,43.0
Allegro Film,43.0
Baltazar Works,43.0
Bullet Pictures,43.0
Caméra One,43.0
Centaur,43.0
Columbia Pictures Industries,43.0
Culpan Productions,43.0
El Silencio Producciones,43.0
Entertainment Film Distributor,43.0
Evenmore Entertainment,43.0
H.B. Halicki Mercantile Co.,43.0
Independant Pictures,43.0
Level 33 Entertainment/Alchemy,43.0
Liberation Entertainment,43.0
Moreno Films,43.0
Non-Stop Production,43.0
Palace Films,43.0
PolyGram,43.0
Spitfire Studios,43.0
Studio Eight Productions,43.0
TWC-Dimension,43.0
W2 Media,43.0
Sony Pictures Releasing,42.916666666666664
Paladin Films,42.833333333333336
TLA Releasing,42.8
Pathfinder Pictures,42.5
The Weinstein Co./MGM,42.5
Touchstone,42.5
MGM/UA,42.285714285714285
Abrorama,42.0
Ambassador Film Distributors,42.0
Anchor Bay,42.0
Bunk 11 Pictures,42.0
Columbia TriStar Motion Picture Group,42.0
Genius Productions,42.0
Grack Films,42.0
Jaro/Noelle Productions,42.0
Leaprachuan Entertainment,42.0
Lionsgate Films/Summit Entertainment,42.0
Mirimax Films,42.0
Movision,42.0
N279 Entertainment,42.0
Pigasus Pictures,42.0
The Disinformation Company,42.0
Tucker Tooley Entertainment,42.0
Wavefront Productions,42.0
Lorimar Productions,41.75
Sony Screen Gems,41.75
Dimension Films,41.625
Summit Premiere,41.5
Lionsgate,41.47692307692308
Rogue Pictures,41.4
Kindred Media Group,41.333333333333336
Sony,41.125
American International Pictures (AIP),41.0
Force Video,41.0
Green Door Pictures,41.0
Headmon Entertainment & Productions,41.0
Keystone,41.0
MPI Media Group/Dark Sky Films,41.0
Momentum Picutres,41.0
Moving Pictures,41.0
Partizan Films,41.0
Strategic Films,41.0
US,41.0
Walt Disney Studios,40.714285714285715
Starz,40.666666666666664
Aviron Pictures,40.6
STXfilms,40.45454545454545
Open Road Films,40.38095238095238
Screen Media Films,40.372093023255815
21st Century Distribution,40.0
ABC,40.0
Amazon Studios and STX Entertainment,40.0
American Cinematheque,40.0
Arab Film Distribution,40.0
Arclight Films,40.0
Barbican Films,40.0
Bavaria Atelier,40.0
Blue Rider Pictures,40.0
Bosch Media,40.0
Brookwell-McNamara Entertainment,40.0
Cabin Fever Entertainment,40.0
Cave of Time Pictures,40.0
Cinema Eopch,40.0
Etoile Productions,40.0
Every Tribe Entertainment,40.0
Filmline International,40.0
Foresight Features,40.0
Green Film Company,40.0
Hyperion Pictures,40.0
Indican,40.0
Jennifer Hutchinson,40.0
Kingdom County Productions,40.0
Long Stem Pictures,40.0
Metrodome Group,40.0
Mitropoulos Films,40.0
Monogram,40.0
Naedomi Media,40.0
National Cinematografica,40.0
New City Releasing,40.0
Outside The Box Film Partners,40.0
Overseas Filmgroup,40.0
Poverty Works,40.0
Premiere Marketing and Distribution Group,40.0
Senart Films Releasing,40.0
Sherwood Pictures,40.0
Shoot First Entertainment,40.0
Shout! Factory Films,40.0
Spiral Films,40.0
Studio Home Entertainment,40.0
The Answer Studio,40.0
The Film Community,40.0
The Jerry Gross Organization,40.0
The Works,40.0
Twentieth Century Fox Film Cor,40.0
Universal Pictures Company,40.0
WigglyWorld Studios,40.0
Wildcard Films,40.0
Pure Flix,39.833333333333336
Pantelion Films,39.72727272727273
New Line,39.5
Yari Film Group,39.25
Vivendi Entertainment,39.142857142857146
Analysis,39.0
Entertainment One Pictures,39.0
Lions Gate Distribution,39.0
Overture Fillms,39.0
Sparkle Roll Media,39.0
Triumph Films,39.0
Vaca Films,39.0
Whisky Galore Movie Ltd,39.0
Saban Films,38.825
Ketchup Entertainment,38.57142857142857
National Lampoon Inc.,38.5
Saban Films and Lionsgate,38.5
New Line Home Entertainment,38.29824561403509
Vertical Entertainment,38.23076923076923
Apollo Cinema,38.0
Arts For The Free Spirit,38.0
BUCK Productions,38.0
Big Talk Productions,38.0
Box Office Spectaculars,38.0
Briarcliff Entertainment,38.0
Casa Nova Films,38.0
Draco Films,38.0
FilmDisctrict,38.0
Fine Line,38.0
GVN Releasing,38.0
Indomina Media Inc.,38.0
Kikker Arts,38.0
Lantern Lane,38.0
Let It Play,38.0
Lionsgate Films/Afterdark Films,38.0
Lionsgate's Summit Premiere and Miramax,38.0
Live Nation Productions,38.0
Night and Day Pictures,38.0
Pocket Releasing,38.0
RCA/Columbia,38.0
Regent/here! Films,38.0
Scott Free Films,38.0
Soda Pictures,38.0
Touchstone Pictures/Treehouse Films,38.0
Vertigo Entertainment,38.0
Working Title Films,38.0
York,38.0
Artisan Home Entertainment,37.625
Cannon Home Video,37.6
EuropaCorp,37.5
Rainbow Releasing,37.333333333333336
First Look Home Entertainment,37.285714285714285
E One Entertainment,37.0
Lionsgate/Summit,37.0
United International Pictures,37.0
Unstoppable Entertainment,37.0
Lorimar Home Video,36.75
eOne Entertainment,36.75
Freestyle Releasing,36.67164179104478
Bloody Disgusting,36.666666666666664
"Lighthouse Pictures, Inc.",36.666666666666664
MGM/UA Entertainment Company,36.666666666666664
RLJ Entertainment,36.5625
Alliance Atlantis,36.5
Fantastic Films,36.5
Global Road Entertainment,36.5
Sterling Entertainment,36.125
20th Century Fox Film,36.0
20th Century Fox/Regency Films,36.0
Brink Films,36.0
China Lion Entertainment,36.0
"Codeblack Entertainment, LLC.",36.0
Green Star Films,36.0
Kilburn Media,36.0
Mello Pictures,36.0
Metro Goldwyn Mayer,36.0
Norstar Releasing,36.0
Rainbow,36.0
Screwed Film,36.0
Universal Pictures Distributio,36.0
Untravelled Worlds,36.0
Wetlands Productions,36.0
Zombot Pictures,36.0
Innovation Film Group,35.857142857142854
Lionsgate Pictures,35.5
Shapiro Glickenhaus,35.5
Starz Digital Media,35.25
AMBI Media Group and Samuel Goldwyn Films,35.0
Blue Sky Media,35.0
Capitol Films,35.0
Dark Web Productions,35.0
Imaeg Entertainment,35.0
Parker Film Co,35.0
Relativity Entertainment,35.0
Screen Classics Inc.,35.0
Trimark,34.705882352941174
Apollo Media,34.5
Film Ventures International,34.5
Hemdale Home Video,34.5
Walt Disney Television Animation,34.5
Millennium Films,34.333333333333336
First Look,34.125
Halestorm Entertainment,34.0
Lionsgate and CBS Films,34.0
Lord of the Wind,34.0
Tribeca Films. Well Go USA,34.0
Relativity Media,33.8
Millennium Entertainment,33.55555555555556
Ariztical Entertainment,33.5
Caravan Pictures,33.5
Yale Productions,33.5
Warner Bros. Pictures/New Line Cinema,33.333333333333336
10 West Studios,33.0
7A Productions/Variance Films,33.0
American Cinema,33.0
Asylum Entertainment,33.0
B.E.E.,33.0
Basic Pictures,33.0
Blackmrkt,33.0
Commotion Pictures,33.0
Dark Cuts,33.0
Depth of Field,33.0
Digiart Productions,33.0
Earthbound Human Productions,33.0
Embrem Pictures,33.0
Epoch Entertainment,33.0
Film Tonic,33.0
GoGoGo Entertainment,33.0
Goodtimes Home Video,33.0
Jackie Reynal Films,33.0
James H. Nicholson Productions,33.0
Metal Rabbit Media,33.0
Mid-America Releasing,33.0
Millennium Media Services,33.0
Mini Studios,33.0
Mulberry Square Releasing,33.0
Orion Releasing,33.0
Osiris Entertainment,33.0
Paramount Animation,33.0
Paramount Pictures / Pure Flix,33.0
Power of 3,33.0
Sony Pictures Release,33.0
Sorrento Productions,33.0
Studio Strada,33.0
Taewon Entertainment,33.0
Tippett Studio,33.0
Variance Releasing,33.0
Wagamama Media,33.0
Wellington Films Ltd.,33.0
Wicked Pixel Cinema,33.0
Yellow Cote Productions,33.0
Peace Arch Entertainment,32.75
Destination Films,32.5
Keystone Pictures,32.5
Status Media & Entertainment,32.333333333333336
Aviron,32.0
Film Arcade,32.0
Fox Faith,32.0
Walking Shadows,32.0
Willing Pilowsky Productions,32.0
Universal Pictures International,31.5
Screen Gems,31.470588235294116
Alchemy,31.125
Anywhere,31.0
Arsenal Pictures,31.0
Atresmedia Cine,31.0
IDP/ Samuel Goldwyn Films,31.0
King Pictures,31.0
Lionsgate/Pantelion Films,31.0
Maya Entertainment,31.0
PalmStar Media,31.0
Synchronicity Films,31.0
"Saban Films, Lionsgate",30.666666666666668
SPE Acquisitions,30.5
Starmaker Entertainment,30.25
New Films International,30.166666666666668
Becker Films International,30.0
Buena Vista Home Entertainment,30.0
Echo Bridge,30.0
Excel Entertainmen,30.0
Gaga Productions,30.0
In The Light Entertainment,30.0
Open Road,30.0
Pure Flix Entertainment,30.0
Quiver Distribution,30.0
See Pictures,30.0
Syfy,30.0
Touchstone Pictures/Miramax Films,30.0
Troma Films,30.0
United Artists Films/ MGM,30.0
Vision Pictures,30.0
Archstone Distribution,29.8
1821 Pictures,29.5
Hollywood Pictures,29.2
AMBI Distribution,29.0
Anchor Bay Entertianment,29.0
Ball & Chain Productions,29.0
Black Cloud LLC,29.0
Brightlight Pictures,29.0
Burnt Pictures,29.0
C Plus Pictures,29.0
Circle 4 Entertainment,29.0
Codeblack Films,29.0
Copperline Creative,29.0
Crane Movie Company,29.0
Halcyon Valor Productions,29.0
Howco International,29.0
Hypercube Films,29.0
Island Pictures,29.0
Jaye Bird Productions,29.0
Jules Verne Adventures,29.0
MCA Universal Home Entertainment,29.0
Pinnacle Peak,29.0
Real Art,29.0
Rogue,29.0
Samuel Goldwyn Films/WWE Studios,29.0
Straightwire Films,29.0
The Rainbow Film Company,29.0
Tio Papi The Movie LLC.,29.0
Triple Fire Productions,29.0
U.I.P.,29.0
Virgo International,29.0
Eone Films,28.666666666666668
Fox Atomic,28.666666666666668
Mac Releasing,28.666666666666668
Arc Entertainment,28.346153846153847
AEC,28.0
Convex Group,28.0
Fox 21,28.0
Gold Circle Films,28.0
Great Point Media,28.0
Loveless Entertainment,28.0
Neue Road Movies,28.0
RLJ/Image Entertainment,28.0
Sony/Screen Gems,28.0
Media 8 Entertainment,27.5
Universal Studios Home Video,27.166666666666668
408 Films,27.0
Big Balloon Adventure Movies,27.0
Echo Bridge Entertainment,27.0
Filmbuff (US),27.0
Kino Entertainment,27.0
Lifetime Movie Network,27.0
Pacific Northwest Pictures,27.0
Relativity Media/Rogue,27.0
Rysher Entertainment,27.0
Warner Premiere,27.0
Lionsgate Premiere,26.75
Metro-Goldwyn-Mayer,26.666666666666668
Weinstein Co.,26.5
Film Foundry Releasing,26.0
Majestic Filmproduktion,26.0
PMK*BNC,26.0
PMK-BNC,26.0
Paladin Film,26.0
Phaedra Cinema,26.0
Phase 4 Films Inc.,26.0
PolyGram Filmed Entertainment,26.0
Treehouse Pictures,26.0
Warner Bros. Pictures/New Line/Paramount,26.0
Exclusive Media,25.5
Addictive Pictures,25.0
Anima Estudios,25.0
Archangel Entertainment,25.0
Associated Film Distribution,25.0
Dark Factory Entertainment,25.0
Dead Fish Films,25.0
Emmett/Furla Films,25.0
FEARnet,25.0
Geneon Entertainment,25.0
Huber Bros. Productions,25.0
Icon Entertainment,25.0
Jorva Entertainment Productions,25.0
Mandarin Films,25.0
Maron Films,25.0
Metropolitan Filmexport,25.0
Minds Eye Entertainment,25.0
Mr. Mudd,25.0
National Entertainment Media,25.0
Not a Number,25.0
Paramount Home Entertainment,25.0
Pathfinder Films LTD,25.0
RCR Distribution,25.0
Rockstone Releasing,25.0
Speakeasy Releasing,25.0
Taylor-Laughlin Distribution,25.0
Twisted Pictures,25.0
Vega Baby Releasing,25.0
Vinod Chopra Films,25.0
Walt Disney Pictures [us],25.0
Warner Bros. Pictures/Dark Castle Ent.,25.0
Wrekin Hill,25.0
Sony Pictures Animation,24.5
Tribeca,24.5
Unified Pictures,24.5
BH Tilt/WWE Studios,24.0
Columbia Tristar Pictures,24.0
Envision Media Arts,24.0
IMAX/Walt Disney Pictures,24.0
Lionsgate Films/Autonomous Films,24.0
Roadside Attractions and LD Entertainment,24.0
Slow Hand Cinema,24.0
Tai Seng Media,24.0
Rocky Mountain Pictures,23.818181818181817
Clarius Entertainment,23.666666666666668
Voltage Pictures,23.333333333333332
AKW Worldwide,23.0
Fragile Films,23.0
Grindstone Entertainment,23.0
ITN Distribution,23.0
IndieVest Pictures,23.0
Keystone Entertainment,23.0
Mann Made Films,23.0
Seven Arts Films/LANTERN LANE,23.0
Stella Films,23.0
Universal Pictures/Spyglass,23.0
Cyan Pictures,22.0
Dune Entertainment,22.0
ESX Productions,22.0
Focus/Rogue Pictures,22.0
Gabriel Film Group,22.0
Giant Films,22.0
Happy Madison Productions,22.0
Invincible Pictures,22.0
Joel Goodman Productions,22.0
McLendon-Radio Pictures Distributing Com,22.0
Miramax/Broad Green,22.0
New Artists Alliance,22.0
Pacific Films,22.0
Parallel Media,22.0
Playtone Pictures,22.0
Rectangle Productions,22.0
Senator Entertainment,22.0
Sony Pictures Columbia,22.0
Time Changer Productions,22.0
UGC International,22.0
Warner Elektra Atlantic,22.0
Altitude Film Entertainment,21.5
Kinepolis Film Distribution,21.5
New Films Cinema,21.5
Clean Slate Productions,21.0
Echolight Studios,21.0
MGM/Columbia,21.0
Questar,21.0
Red & Black Films,21.0
SK Planet,21.0
SNP Inc.,21.0
Sideshow Releasing,21.0
The Film Collective,21.0
Concorde/New Horizons Home Video,20.666666666666668
Lakeshore Entertainment,20.5
Sony Pictures/TriStar Pictures,20.5
High Top Releasing,20.333333333333332
Adlabs Films Ltd.,20.0
Angry Monkey Entertainment,20.0
Blood Ransom LLC,20.0
Classified Pictures,20.0
Davis Panzer,20.0
Emshell Producers,20.0
Enderby Entertainment,20.0
Family Home Entertainment,20.0
Fever Dreams,20.0
FilmWorks Entertainment,20.0
First Floor Features,20.0
Floren Shieh Productions,20.0
Gunnison Films,20.0
HandMade Films,20.0
Independant Films,20.0
Katz Agency,20.0
Kaufman Films Inc.,20.0
Mill Creek Entertainment,20.0
Nu Image,20.0
Odeon Films,20.0
One Mind,20.0
Pinewood Pictures,20.0
Ripe Fruit Films,20.0
Storm King Productions,20.0
Studio Canal,20.0
Sun and Moon Films,20.0
Thatcher Productions,20.0
Vanished and Gone,20.0
Screen Gems/SONY PICTURES,19.75
Myriad Pictures,19.5
The Asylum,19.25
Fox Faith Films,19.0
Warners Bros. Pictures,19.0
Mandeville Films,18.666666666666668
Anderson Digital,18.5
Cinedigm Films,18.0
DarkShed,18.0
Fever Productions,18.0
Freestyle Releasing.,18.0
Groundswell,18.0
Hightop Releasing,18.0
Live Entertainment,18.0
Michael Mailer Films,18.0
Minds Eye International,18.0
New Line Cinema/Warner Bros. Pictures,18.0
Revolution Theory,18.0
SUMMIT/CODEBLACK FILMS/LIONSGATE,18.0
T Squared Productions,18.0
Inception Media Group,17.666666666666668
AMBI Media Group,17.5
AIP,17.0
Arcangelo Entertainment,17.0
Attack Entertainment,17.0
Bacannia Entertainment,17.0
Barholtz Entertainment,17.0
Bauer Martinez Studios,17.0
Beaver Productions,17.0
Brainfeeder Films,17.0
Brimstone Entertainment,17.0
Cannon Films,17.0
Cinesavvy,17.0
Conglomerate Media/ Voltage,17.0
Europa Filmes,17.0
Film Council,17.0
Formosa Films,17.0
Fox Meadow Films,17.0
Hyde Park Entertainment,17.0
Infinity Films,17.0
Kerner Entertainment Company,17.0
Malibu Bay Films,17.0
Neverland Films,17.0
Norstar Entertainment,17.0
Priority Films,17.0
RAF Industries,17.0
Rada Films,17.0
Stormchaser Films,17.0
Summit Entertainment.,17.0
THE VLADAR COMPANY,17.0
Ten Furlongs LLC.,17.0
Viva Entertainment,17.0
Viva Pictures,17.0
Waldo West Productions,17.0
Windward Entertainment,17.0
Worldwide Bonus Entertainment PLC,17.0
Xenon Pictures,17.0
Young Medium,17.0
Cloud Ten Pictures,16.0
Regent Releasing/Magnolia Pictures,16.0
Relativity Europacorp Distribution,16.0
Rogue Pictures/Universal Studios,16.0
Swan Design Studios,16.0
Three Kings,16.0
Dimension Home Video,15.5
RLJ Entertainment/Image Entertainment,15.333333333333334
Dark Forest Releasing,15.0
Devil's Harvest Production,15.0
Empire Film Group,15.0
Krannel Pictures,15.0
Lorimar Film Entertainment,15.0
Paramount Pictures/MGM,15.0
Posterity Pictures,15.0
Steamboat Rock,15.0
Waypoint Entertainment,15.0
Slow Hand Releasing,14.5
Al-Ghanim Entertainment,14.0
All Girl Productions,14.0
Applied Art Productions,14.0
As Cool Inc.,14.0
Benaroya Pictures,14.0
Carlson/Spring,14.0
Carnaby International,14.0
Gravity Pictures,14.0
Last Carnival,14.0
Metro-Goldwyn-Mayer Studios Inc.,14.0
New Line/Columbia Tristar,14.0
Newscope Films,14.0
Oscar Gold Productions,14.0
Paco Cinematografica,14.0
Paragon Pictures,14.0
Promark Entertainment,14.0
Red Compass Media,14.0
Romar Entertainment,14.0
Screen Gems Inc.,14.0
TriCoast Studios,14.0
Virgil Pictures,14.0
108 Pics,13.0
Brothers' Ink Productions,13.0
Constantin Film Produktion,13.0
Destination Film,13.0
Morning Star Pictures,13.0
Motion Picture Marketing,13.0
Nu Image Films/Millenium Entertainment,13.0
Number 8 Production LLC,13.0
Paragraph Pictures,13.0
Picturehouse Entertainment,13.0
Stella Rose Productions,13.0
Trancas International Films Inc.,13.0
UTV Distribution,13.0
Universal Pictures Home Entertainment,13.0
Virgil Films & Entertainment,13.0
Walt Disney Animation Canada,13.0
Atlas Distribution,12.6
Darclight Films,12.5
MOP Productions,12.0
Senator International,12.0
Square Enix Company,12.0
Tri-Star Pictures,12.0
Benattar/Thomas Productions,11.0
Fuzzy Logic Pictures,11.0
Parallell Cinéma,11.0
Red Square Pictures,11.0
SC Films International,11.0
Summit,11.0
Tandem Pictures,11.0
Cheshire Smile Productions,10.0
DeerJen Films,10.0
Entertainment One U.S.,10.0
Filmnation/Saban,10.0
Hidden Empire Film Group,10.0
Le Petit Canyon,10.0
Milennium Entertainment,10.0
Barbossa/Roadside Attraction,9.0
Brandman,9.0
Charles Agron Productions,9.0
Desintation Film Dist. Corp.,9.0
Enlightenment Productions,9.0
Event Film,9.0
Film Buff,9.0
Gateway Films,9.0
Irreversible Cinema,9.0
Lionsgate/Saban Films,9.0
Metrodome Films,9.0
MiNDS i CiNEMA,9.0
Millman Productions,9.0
Roadside Attractions/Asgaard,9.0
Ruby Films,9.0
E-NNOVA Films,8.0
Fact Not Fiction Films,8.0
Freestlye Releasing,8.0
Paladin/Accretion Films,8.0
Tomori Films,8.0
Weintraub Entertainment Group,8.0
American Sammy,7.0
Destination Films and Vertical Entertainment,7.0
Innis Lake Entertainment,7.0
Mike and Marty Productions,7.0
Monarch Home Video,7.0
Rocket Releasing,7.0
Skyline Entertainment,7.0
First Look International,6.5
Lyrick,6.0
Starz Entertainment,6.0
The Shooting Gallery,6.0
Dino De Laurentiis Company,5.0
Double Feature Films,5.0
Celestine Films,4.0
D'Sousa Media Corporation,4.0
Fantastic Films International,4.0
Lionsgate Fi lms,4.0
The Weinistein Company,4.0
Emmett/Furla/Oasis Films,3.0
MGM/UA Distribution Company,3.0
Seven Arts Pictures/MGM,3.0
120 Degree Films,0.0
3:1 Cinema,0.0
AfterDark Films,0.0
Alerion Services,0.0
Ambi Pictures,0.0
American-International Tel.,0.0
Anchor Bay Films/Freestyle,0.0
Animus Films,0.0
Armando Montelongo Productions,0.0
Astra Films,0.0
Bangor Films,0.0
Beat Pirate Motion Pictures,0.0
Black & Blue,0.0
Campbell Grobman Films,0.0
Carolco Pictures,0.0
Chicago Releasing,0.0
Cork Films,0.0
Dolores Pictures LLC,0.0
E-T Pictures,0.0
Freestyle Releasing LLC.,0.0
Full Circle Releasing,0.0
Gold Lion China,0.0
Grindstone Entertainment Group,0.0
Grinstone Entertainment,0.0
Hereford Films,0.0
IPD/Samuel Goldwyn Films,0.0
ITC Entertainment,0.0
ITN Distribution / Hollywood Storm,0.0
Image Entertianment,0.0
Inferno Film Productions,0.0
Kadokawa Shoten Publishing Company,0.0
Lockwood Pictures,0.0
Margate House,0.0
Marro Films,0.0
Moving Pictures Film,0.0
MulticomTV,0.0
Pelican Point Media,0.0
Podium Pictures,0.0
Punch Media,0.0
Quantum Entertainment,0.0
RG Entertainment,0.0
Reel Diva Consultants,0.0
Relativity Studios,0.0
SJPL Films,0.0
Scary Movies LLC,0.0
Sculptor Media,0.0
Sinister Cinema,0.0
Sonar Entertainment,0.0
SquareOne Entertainment,0.0
Studio 13,0.0
Studio 18,0.0
The Safran Company,0.0
The Vault,0.0
Underhill Films,0.0
Unstuck,0.0
Vestron Pictures Ltd.,0.0
Vinson Films,0.0
Visionbox Pictures,0.0
Willing Suspension Films,0.0
